Title,URL
"RETHINK Your Medicare Decision for 2025! (Advantage vs. Medigap)",https://www.youtube.com/watch?v=r3098kfegT0
"2025 Medicare: What To Do & Avoid for Open Enrollment",https://www.youtube.com/watch?v=medicare2025
"Avoid These Medicare Traps & Hidden Rules! (Advantage vs. Medigap)",https://www.youtube.com/watch?v=medicaretraps
"Know What to Expect BEFORE Meeting Your KCIIS Annuity Advisor!",https://www.youtube.com/watch?v=meetadvisor
"What You Don't Know: 10%-20% Contractual Payouts (Staging & Lifetime Income)",https://www.youtube.com/watch?v=contractual
"#1 Strategy to BEAT INFLATION: Laddering OUT & IN Annuities",https://www.youtube.com/watch?v=beatinflation
"5-Steps to Find the BEST Annuity or Hybrid Pension",https://www.youtube.com/watch?v=bestannuity
"5 Things Annuity Owners Wished They Knew (True Story of Betty)",https://www.youtube.com/watch?v=annuitywish
"Do You REALLY Need an Annuity (Is There a BETTER Investment for Retirement?)",https://www.youtube.com/watch?v=needannuity
"90% of Annuity Buyers Make This Mistake!",https://www.youtube.com/watch?v=GAcPkedZWc
"Which Annuity = YOUR Purpose (YOUR Comparison Chart)",https://www.youtube.com/watch?v=whichannuity
"3 Reasons Preventing You to Retire Early | True Cost of Aging",https://www.youtube.com/watch?v=retirereasons
"The Dark Side of Medicare: Hidden Fees & Rules",https://www.youtube.com/watch?v=medicarefees
"Medicare vs Medigap: Which One Is Better?",https://www.youtube.com/watch?v=medicarevs
"Retirement Planning 101: What You Need to Know",https://www.youtube.com/watch?v=retire101